#{"t_start": 1532908877.4229274, "env_id": "BreakoutNoFrameskip-v4"}
r,l,t
6.0,379,39.997569
1.0,157,59.017757
3.0,252,97.202784
2.0,188,134.638624
0.0,129,153.759935
