#{"t_start": 1532908877.4854748, "env_id": "BreakoutNoFrameskip-v4"}
r,l,t
0.0,125,1.685845
3.0,272,39.998597
1.0,175,76.811238
2.0,187,96.627181
3.0,255,134.896217
0.0,129,154.004714
