#{"t_start": 1532908595.7179873, "env_id": "BreakoutNoFrameskip-v4"}
r,l,t
0.0,125,2.758635
3.0,250,57.564806
