#{"t_start": 1532908877.4947696, "env_id": "BreakoutNoFrameskip-v4"}
r,l,t
2.0,224,20.949127
0.0,129,39.446804
1.0,177,58.701128
0.0,129,77.718421
0.0,129,96.796749
0.0,129,115.785467
4.0,321,155.0177
