#{"t_start": 1532908595.744728, "env_id": "BreakoutNoFrameskip-v4"}
r,l,t
1.0,157,27.913411
2.0,200,57.090886
0.0,127,84.08402
