#{"t_start": 1532908877.4118798, "env_id": "BreakoutNoFrameskip-v4"}
r,l,t
2.0,222,21.000814
2.0,225,57.968114
0.0,129,76.949396
0.0,129,96.043143
0.0,129,97.450342
0.0,129,116.407749
0.0,129,135.563519
0.0,129,154.703787
