#{"t_start": 1532908877.4746153, "env_id": "BreakoutNoFrameskip-v4"}
r,l,t
0.0,127,1.730388
3.0,252,39.783093
10.0,433,115.024224
0.0,129,116.430049
0.0,129,135.583743
