#{"t_start": 1532908877.2025998, "env_id": "BreakoutNoFrameskip-v4"}
r,l,t
1.0,176,20.644353
3.0,252,57.937894
1.0,157,77.276689
3.0,252,115.425145
0.0,129,116.842689
1.0,157,154.034806
0.0,129,172.930282
