#{"t_start": 1532908595.6431851, "env_id": "BreakoutNoFrameskip-v4"}
r,l,t
1.0,176,28.417444
4.0,299,84.295639
