#{"t_start": 1532908877.215171, "env_id": "BreakoutNoFrameskip-v4"}
r,l,t
1.0,157,20.414336
1.0,173,39.433764
0.0,129,58.134254
0.0,129,77.115702
1.0,178,96.79837
0.0,129,115.76608
0.0,129,134.926037
1.0,175,154.633687
