#{"t_start": 1532908595.7488759, "env_id": "BreakoutNoFrameskip-v4"}
r,l,t
2.0,224,29.406413
0.0,127,56.938307
