#{"t_start": 1532908595.7368596, "env_id": "BreakoutNoFrameskip-v4"}
r,l,t
0.0,127,2.791722
5.0,352,84.290626
