#{"t_start": 1532908595.6931558, "env_id": "BreakoutNoFrameskip-v4"}
r,l,t
0.0,129,2.891752
0.0,129,29.879606
0.0,129,57.530982
0.0,129,84.522425
