#{"t_start": 1532908877.480335, "env_id": "BreakoutNoFrameskip-v4"}
r,l,t
0.0,129,1.758782
0.0,129,21.199658
0.0,129,39.698653
2.0,206,76.923167
0.0,129,96.016334
2.0,190,115.730894
0.0,129,134.881333
3.0,236,172.800681
