#{"t_start": 1533538627.0722842, "env_id": "Swimmer-v2"}
r,l,t
15.190808,1000,4.041392
-23.008428,1000,5.73722
