#{"t_start": 1533538627.0723038, "env_id": "Swimmer-v2"}
r,l,t
-38.85908,1000,4.024985
-34.289123,1000,5.720496
