#{"t_start": 1533538627.0723088, "env_id": "Swimmer-v2"}
r,l,t
13.280016,1000,4.080376
21.851795,1000,5.776522
