#{"t_start": 1533538627.072304, "env_id": "Swimmer-v2"}
r,l,t
-33.97466,1000,4.076503
-31.612368,1000,5.772183
