#{"t_start": 1533538627.0723019, "env_id": "Swimmer-v2"}
r,l,t
-3.017196,1000,4.062378
11.61243,1000,5.757399
