#{"t_start": 1533151932.2219095, "env_id": "Swimmer-v2"}
r,l,t
-8.019256,1000,1.224026
-6.043903,1000,2.88952
-20.090182,1000,7.626888
0.479361,1000,9.395592
-2.610453,1000,14.060091
18.356491,1000,15.613547
21.376489,1000,20.464598
10.261473,1000,21.863786
