#{"t_start": 1533151932.5428054, "env_id": "Swimmer-v2"}
r,l,t
-0.517183,1000,1.618245
6.670716,1000,2.921629
-1.411781,1000,8.34569
6.59547,1000,9.720369
-12.736644,1000,14.362566
7.382157,1000,15.506494
2.838703,1000,20.208839
3.769761,1000,21.374706
