#{"t_start": 1533151932.1313696, "env_id": "Swimmer-v2"}
r,l,t
-12.182213,1000,1.341786
-21.771092,1000,2.780184
14.870518,1000,7.773733
-0.334709,1000,9.31819
-10.903056,1000,14.926969
-8.397952,1000,16.31985
13.631412,1000,21.866574
-9.966571,1000,23.458619
