#{"t_start": 1533151932.397533, "env_id": "Swimmer-v2"}
r,l,t
22.985038,1000,1.599741
15.097045,1000,2.816824
15.743707,1000,8.126452
-9.656002,1000,9.689708
2.339341,1000,14.403892
29.425363,1000,15.953604
6.763219,1000,21.523882
11.268674,1000,23.062317
