#{"t_start": 1533151932.3613458, "env_id": "Swimmer-v2"}
r,l,t
27.324405,1000,1.865319
29.795298,1000,3.127079
12.726462,1000,8.642937
39.752928,1000,10.170276
41.00897,1000,15.829681
26.8712,1000,16.963285
33.899822,1000,21.752313
37.317125,1000,22.880964
