#{"t_start": 1532216184.0171666, "env_id": "HalfCheetah-v2"}
r,l,t
-1076.901375,1000,2.992088
-1230.022421,1000,5.878824
-1196.496783,1000,16.637155
-1164.773653,1000,19.959579
-1033.968581,1000,30.427072
-1208.413953,1000,33.447805
-1177.635529,1000,44.330415
-1205.851117,1000,47.237248
-956.851634,1000,58.435964
-1212.357124,1000,61.147106
