#{"t_start": 1532216183.7670026, "env_id": "HalfCheetah-v2"}
r,l,t
-1283.546524,1000,3.011024
-1217.203366,1000,6.059812
-1147.545823,1000,16.625596
-1303.703185,1000,19.733311
-1171.088662,1000,30.271987
-1273.162854,1000,33.472188
-972.991935,1000,43.861677
-1126.559425,1000,46.709987
-1117.313489,1000,57.304128
-1092.449885,1000,60.578502
