#{"t_start": 1532216183.4170246, "env_id": "HalfCheetah-v2"}
r,l,t
-1272.788341,1000,2.830083
-1263.973339,1000,5.690095
-1202.684361,1000,16.378799
-1342.683387,1000,19.737994
-1328.041697,1000,30.031721
-1160.167178,1000,33.19424
-1128.022496,1000,43.699621
-1340.907486,1000,46.694562
-1213.040196,1000,57.130321
-1141.5596,1000,60.097587
