#{"t_start": 1532216183.719555, "env_id": "HalfCheetah-v2"}
r,l,t
-1085.996456,1000,2.95747
-1429.409075,1000,5.926657
-1060.919189,1000,15.986948
-1125.615541,1000,19.463257
-1145.225823,1000,29.637664
-1133.426342,1000,32.771413
-1366.456657,1000,43.669347
-1064.49982,1000,46.690291
-907.101991,1000,57.451128
-1109.064864,1000,60.478523
