#{"t_start": 1532216184.1185546, "env_id": "HalfCheetah-v2"}
r,l,t
-1100.977078,1000,2.966318
-1349.244197,1000,5.875395
-1055.370444,1000,16.130224
-1093.936434,1000,19.049152
-1219.807532,1000,29.641543
-1330.8964,1000,32.705107
-948.927945,1000,43.707727
-1224.399514,1000,46.656648
-1301.805469,1000,56.501862
-1029.171787,1000,59.515926
